{"pages":[{"page":3,"annotations":[{"type":"Link","bounds":[69,180,164,20],"objref":"93","action":{"type":"GoTo","page":4,"zoom":"XYZ 44 560 null"}},{"type":"Link","bounds":[69,203,136,20],"objref":"97","action":{"type":"GoTo","page":5,"zoom":"XYZ 39 585 null"}},{"type":"Link","bounds":[69,225,245,20],"objref":"96","action":{"type":"GoTo","page":6,"zoom":"XYZ 39 577 null"}},{"type":"Link","bounds":[69,248,144,20],"objref":"94","action":{"type":"GoTo","page":7,"zoom":"XYZ 42 579 null"}},{"type":"Link","bounds":[69,269,80,22],"objref":"95","action":{"type":"GoTo","page":8,"zoom":"XYZ 39 579 null"}},{"type":"Link","bounds":[69,292,246,20],"objref":"92","action":{"type":"GoTo","page":10,"zoom":"XYZ 39 575 null"}}]},{"page":11,"annotations":[{"type":"Link","bounds":[69,188,164,22],"objref":"122","action":{"type":"GoTo","page":12,"zoom":"XYZ 39 560 null"}},{"type":"Link","bounds":[69,211,133,20],"objref":"124","action":{"type":"GoTo","page":13,"zoom":"XYZ 39 585 null"}}]}]}